tenant,forename,surname,email,phone_number,required_move_in_date,required_move_in_time,property_id
1,Mallory,Griffith,orci@nonleoVivamus.net,0936 854 3941,2022-04-07,24,1
2,Taylor,Kane,lorem@necante.co.uk,0995 673 1802,2022-04-08,18,3
3,Dieter,Roberts,ipsum@massaMauris.co.uk,07594 919720,2022-04-08,33,4
4,Kaden,Hammond,tellus@nequeSedeget.ca,0845 46 47,2022-04-08,24,4
5,Sylvia,Manning,elit.a.feugiat@a.ca,07624 715410,2022-04-07,27,1
6,April,Peck,eleifend.nunc.risus@Curabitur.edu,(016977) 9882,2022-04-07,20,10
7,Lacy,Mclean,pharetra@Cras.ca,0348 771 0636,2022-04-08,17,7
8,Slade,Cleveland,ante@nuncullamcorpereu.com,0800 1111,2022-04-07,29,8
9,Inez,Thomas,lacinia.mattis.Integer@pedenecante.edu,055 2561 9172,2022-04-08,23,4
10,Quamar,Love,fames@blanditNam.com,07624 600504,2022-04-07,31,9
11,Raya,Fox,dolor@ornareegestasligula.ca,0335 501 4489,2022-04-07,33,6
12,Quail,Morse,Aenean.sed@nibh.net,0966 213 0557,2022-04-07,28,1
13,Brendan,Williamson,sapien.Cras@Integeraliquamadipiscing.org,(0119) 997 8846,2022-04-08,34,10
14,Lyle,Cervantes,purus@sagittisfelisDonec.co.uk,0978 696 8390,2022-04-07,31,2
15,Mufutau,Mcneil,ante@sociisnatoquepenatibus.ca,07624 839652,2022-04-07,20,5
16,Carla,Glass,a.sollicitudin@Vivamusmolestiedapibus.org,070 0142 9635,2022-04-07,30,2
17,Felix,Davis,nascetur.ridiculus.mus@elementumat.net,0800 1111,2022-04-07,23,3
18,Joan,Decker,arcu.ac.orci@egetvariusultrices.org,(0111) 585 8395,2022-04-07,35,4
19,Jada,Ford,ullamcorper.Duis@ut.ca,0500 316819,2022-04-08,29,4
20,Cameron,Blanchard,mauris@nullaat.edu,(016977) 4642,2022-04-07,19,1
21,Josephine,Bell,eu@Suspendissecommodotincidunt.co.uk,(01044) 494670,2022-04-08,20,10
22,Desirae,Hickman,est.Mauris.eu@necquam.org,(018460) 23658,2022-04-08,17,6
23,Deirdre,Collier,Fusce.mi.lorem@magnaUt.co.uk,(0151) 665 1952,2022-04-07,20,6
24,Wyatt,Randolph,parturient.montes@dolor.net,056 1236 5882,2022-04-07,20,9
25,Lev,Clemons,orci.luctus@vestibulumloremsit.ca,0302 878 6835,2022-04-08,29,3
26,Dean,Daniels,eu@habitant.com,(01749) 915218,2022-04-07,33,1
27,Porter,Byrd,et.rutrum.non@temporest.edu,(01573) 079146,2022-04-07,21,4
28,Althea,Perry,augue.porttitor@nunc.org,(01670) 01618,2022-04-08,35,7
29,Gil,Hoffman,non@pellentesque.com,(0111) 819 9940,2022-04-07,36,3
30,Suki,Wheeler,vitae.erat.Vivamus@pellentesquetellussem.com,070 2843 2941,2022-04-08,33,7